titolo,titolo_en,indovinello,indovinello_en,risposta_corretta,risposta_corretta_en,risposte_alternative,risposte_alternative_en,suggerimento,suggerimento_en,difficolta,luogo_id,immagine_url,approfondimento,approfondimento_en,associazione,link_associazione,id,created_date,updated_date,created_by_id,created_by,is_sample
"Condivisione a mille","","A Palermo c'è un'associazione con il nome un po' italiano e un po' tedesco che fa cose, vede gente. Puoi trovarla nascosta in un cortile di un edificio importante ma per entare dovrai citofonare. Quale numero serve per citofonare?","","43","","[""43+campanello"",""quarantatre"",""33"",""32""]","[]","Cerca il coworking di Palazzo Castrofilippo","","difficile","6932a2a1b7d9f92a1bc07c6a","","neu [nòi] è un'associazione e uno spazio di coworking nato nel gennaio 2012 nel cuore della Kalsa, con l'obiettivo di trasformare il modo di lavorare a Palermo. Non è un semplice ufficio condiviso, ma una comunità di professionisti, creativi e artigiani digitali che credono nella collaborazione e nello scambio di competenze. Il nome ""neu"" richiama il concetto di ""nuovo"" e la particella tedesca per ""noi"", sottolineando l'importanza della collettività.

Oltre a offrire scrivanie e laboratori, neu [nòi] è un incubatore di progetti sociali e culturali, tra cui questo che stai facendo. È tra i principali promotori del progetto Orbita, mettendo a disposizione la propria esperienza nella gestione degli spazi per restituire beni comuni alla cittadinanza. Attraverso il coworking, neu [nòi] dimostra che anche in un quartiere storico e complesso come la Kalsa è possibile costruire un'economia moderna, sostenibile e basata sulle relazioni umane, contrastando l'isolamento lavorativo e la fuga dei cervelli dalla Sicilia.","","","","693d91c277a9cdc9f96c5312","2025-12-13T16:18:10.102000","2025-12-13T16:18:10.102000","69320bf85b55b43ec54a157a","michelangelopavia@gmail.com","false"
"Sinonimi di libertà","","Non devi andare in via ""bene"", ma è quasi al suo opposto. Mentre la percorri vedrai aprirsi una piccola piazza in cui si può trovare un luogo il cui nome inneggia alla libertà. Qual è il suo nome?","","Stato Brado","","[]","[]","Trovi il nome su un grande portale di legno di Piazzetta Resuttana","","media","6932a2a1b7d9f92a1bc07c6a","","""Luogo per le libere associazioni, terra di migrazioni di idee, di approdi e di scambi. Oltre il portone dei locali che furono della servitù del principe di Resuttano si apre un nuovo spazio di ideazione e partecipazione. Lo Stato Brado è un’identità comune, una tecnica di azione, condivisa da due associazioni:

H.R.Y.O. - Human Rights Youth Organization, nata nel 2009 per lo sviluppo di iniziative culturali, per una migliore promozione dei diritti civili.

Maghweb, collettivo di comunicazione comunitaria è un’associazione di promozione sociale che si occupa prevalentemente di informazione per il terzo settore.

Lo Stato Brado raccoglie e ospita le scelte libere fatte dai professionisti che ci lavorano, tutti fuoriusciti dalle traiettorie tradizionali:  educatori per i diritti umani venuti da lontano e attivisti per il cambiamento di fenomeni culturali duri da stravolgere, giornalisti invisi ai media e anche a loro stessi, comunicatori pedanti e innamorati, illustratori di favole, grafici, smanettoni del web dall’animo “all’antica”..""","","","","693d61a1fb54f8798c4baf8e","2025-12-13T12:52:49.905000","2025-12-13T15:26:41.060000","69320bf85b55b43ec54a157a","michelangelopavia@gmail.com","false"
"Le teste cattive","","All'ingresso delle Mura delle Cattive, accanto a Porta Felice, due grandi colonne sorreggono la scalinata. Su ogni colonna ci sono delle teste di donna che reggono fiori. Quante teste per colonna?","","quattro","","[""4"",""IV""]","[]","Cerca Porta Felice lungo il bastione verso il mare. Le colonne della scalinata hanno cariatidi in cima, contale!","","facile","6932a2a1b7d9f92a1bc07c6a","","Le mura delle cattive sono una magnifica terrazza panoramica. Edificata sui bastioni spagnoli nel 1813, deve il suo nome curioso a un’usanza dell’epoca. Il termine ""Cattive"" deriva dal latino captivae (prigioniere): si riferiva alle vedove, che la società del tempo considerava ""prigioniere del dolore"". Poiché non era ritenuto decoroso che passeggiassero mescolandosi alla folla durante il lutto, per loro venne riservata questa passeggiata sopraelevata e appartata, dove potevano prendere aria senza essere troppo esposte allo sguardo pubblico. L'ingresso è segnato da un’imponente scalinata con colonne in stile neoclassico sormontate da cariatidi che reggono ceste di fiori. Oggi, lontano da quell'aura di malinconia, le ""Cattive"" sono uno dei luoghi più romantici di Palermo, offrendo una vista privilegiata sul Foro Italico e sul porticciolo della Cala.","","","","693d3cb41f3b08543deaec0b","2025-12-13T10:15:16.590000","2025-12-13T15:42:42.129000","69320bf85b55b43ec54a157a","michelangelopavia@gmail.com","false"
"Citofoni medievali","","Cerca la sede dell'Officina Studi Medievali, è un po' nascosta ma sul suo cancello c'è un citofono. Quale parola è scritta nel campanello che fa pensare al cibo?
","","cucina","","[""Cucina"",""CUCINA""]","[]","Cerca il convento francescano con la biblioteca. Il citofono digitale è all'ingresso, guarda l'angolo superiore sinistro!","","facile","6932a2a1b7d9f92a1bc07c6a","","L’Officina di Studi Medievali (OSM) è un ente di ricerca scientifica fondato nel 1980, diventato un punto di riferimento internazionale per la cultura del Medioevo. La sua sede nel Convento di San Francesco alla Kalsa non è casuale: l'OSM lavora proprio per valorizzare la Sicilia come ponte tra Oriente e Occidente, studiando le radici comuni tra le diverse civiltà del Mediterraneo. Gestisce una biblioteca specialistica monumentale e la casa editrice ""Officina di Studi Medievali"", che pubblica opere fondamentali per la filosofia e la storia medievale.","","Officina di Studi Medievali","http://www.officinadistudimedievali.it","693d3cb41f3b08543deaec10","2025-12-13T10:15:16.590000","2025-12-13T15:49:08.631000","69320bf85b55b43ec54a157a","michelangelopavia@gmail.com","false"
"L'Insegna dei Farmaci","","In Via Vetriera cerca la casa di Paolo, in che tipo di attività commerciale storica si trova?","","farmacia","","[]","[]","Leggi l'insegna sopra la targa commemorativa.","","facile","6932a2a1b7d9f92a1bc07c6a","","La ""Casa di Paolo"" sorge nei locali dell'ex farmacia di famiglia dei Borsellino, in Via Vetriera, esattamente dove il magistrato nacque e crebbe. Inaugurata nel 2015 per volere del fratello Salvatore Borsellino, l'associazione ha l'obiettivo di sottrarre i ragazzi del quartiere alla strada e alla manovalanza mafiosa, offrendo loro doposcuola, laboratori informatici e spazi di aggregazione. Salvatore Borsellino ha spesso dichiarato che non voleva un museo polveroso, ma un luogo ""vivo"", dove Paolo potesse continuare a camminare sulle gambe di altri giovani. La farmacia storica, un tempo gestita dal padre del giudice, è oggi un presidio di legalità nel cuore della Kalsa, dimostrando che la memoria non è solo ricordo, ma azione quotidiana per il futuro del territorio.","","Casa di Paolo","","693d3cb41f3b08543deaec13","2025-12-13T10:15:16.590000","2025-12-13T10:15:16.590000","69320bf85b55b43ec54a157a","michelangelopavia@gmail.com","false"
"Il pallino sulla T","","In Via Alloro 95 è nata Orbita. Il logo davanti all'ingresso ha dei pallini colorati sopra le lettere. Che colore ha il pallino sopra la lettera T?","","rosso","","[""red""]","[]","Cerca Orbita al 95 di Via Alloro. Guarda il logo all'ingresso e trova la lettera T!","","facile","6932a2a1b7d9f92a1bc07c6a","","Orbita, ospitata nell'ex Museo della Scuola in Via Alloro, è la prima Casa della Partecipazione di Palermo. Non è solo un edificio recuperato dopo 12 anni di abbandono, ma il primo esperimento concreto di """"gestione condivisa"""": un patto tra il Comune e quattro associazioni (neu[nòi], Sguardi Urbani, Idea e Azione e Teatro Atlante). Il nome scelto non è casuale: l'orbita rappresenta un movimento continuo e un """"campo gravitazionale"""" dove ogni cittadino può trovare la propria traiettoria senza restare isolato.  Il progetto introduce concetti come la """"Do-crazia"""" (il potere di fare insieme) e la giustizia riparativa: qui, persone che seguono percorsi giudiziari partecipano alla cura del bene comune, trasformando il riscatto personale in beneficio per il quartiere secondo il motto: """"La cura della città è cura di sé"""". Orbita offre servizi reali come doposcuola, sportelli per famiglie e laboratori, ma la sua vera missione è essere un """"innesco"""" di rigenerazione: un luogo dove s'impara a dialogare senza confliggere per trovare soluzioni concrete ai bisogni della Kalsa, dimostrando che dalle ferite della città possono nascere opportunità nuove.","","Orbita","","693d3cb41f3b08543deaec0e","2025-12-13T10:15:16.590000","2025-12-13T10:15:16.590000","69320bf85b55b43ec54a157a","michelangelopavia@gmail.com","false"
"Guardiani Rosa","","Dietro l'abside della Chiesa della Magione, guarda in alto verso l'edificio a sinistra. Che uccelli vedi in cima?","","fenicotteri","","[""fenicottero"",""flamingo""]","[]","Sono uccelli rosa, spesso raffigurati su una zampa sola.","","facile","6932a2a1b7d9f92a1bc07c6a","","Questi eleganti fenicotteri rosa, che spuntano su un terrazzo privato della Magione, sono un invito alla ""meraviglia del dettaglio"". Non sono un reperto storico, ma il gesto di un cittadino che ha scelto di abbellire il proprio spazio regalando un sorriso a chi passa per strada. Palermo è una città che si svela a chi sa aguzzare lo sguardo: la bellezza della Kalsa non risiede solo nelle sue chiese millenarie, ma anche nella cura con cui i suoi abitanti decorano i balconi, curano piccole piante rigogliose o posizionano oggetti inaspettati. Questo ""museo a cielo aperto"" fatto di piccoli gesti quotidiani è ciò che rende il quartiere vivo e vibrante: ogni pianta curata e ogni decoro bizzarro sono un atto d'amore verso la propria città.","","","","693d3cb41f3b08543deaec16","2025-12-13T10:15:16.590000","2025-12-13T10:15:16.590000","69320bf85b55b43ec54a157a","michelangelopavia@gmail.com","false"
"Frutta urbana","","Di fronte al Palazzo Galletti di S. Cataldo cresce un tipo albero molto usato a Palermo per il decoro urbano. Che tipo di albero è?","","arancio amaro","","[""arance amare"",""aranci amari"",""arancia amara""]","[]","Guarda gli alberi ornamentali nel marciapiede davanti al palazzo.","","media","6932a2a1b7d9f92a1bc07c6a","","L'arancio amaro, introdotto in Sicilia dagli Arabi intorno al X secolo, è l'antenato di tutti gli agrumi moderni. A Palermo viene chiamato ""arancio forte"" o ""selvatico"" ed è stato scelto per secoli come albero ornamentale urbano per tre motivi precisi: la straordinaria resistenza all'inquinamento, il verde perenne delle sue foglie e, soprattutto, l'intensità della sua ""zagara"" (il fiore d'arancio), che in primavera profuma interi quartieri. I suoi frutti, sebbene bellissimi, sono troppo aspri per essere consumati freschi, il che li rende perfetti per l'arredo pubblico poiché scoraggiano il furto. Tuttavia, la loro buccia ricca di oli essenziali è preziosissima: storicamente veniva usata per produrre marmellate pregiate, liquori (come il Curacao) e profumi. Trovarli davanti a un palazzo nobiliare come Palazzo Galletti ricorda l'antica tradizione dei ""giardini di delizia"" che un tempo occupavano gran parte della Kalsa.","","","","693d3cb41f3b08543deaec14","2025-12-13T10:15:16.590000","2025-12-13T15:53:47.845000","69320bf85b55b43ec54a157a","michelangelopavia@gmail.com","false"
"Il palchetto del Foro","","Lungo il Foro Italico, all'angolo con Via Alloro, c'è un edificio su colonne su un basamento. Come si chiama?","","Palchetto della Musica","","[""palchetto musica"",""chiosco della musica""]","[]","È una struttura Liberty bianca circolare affacciata sul mare.","","facile","6932a2a1b7d9f92a1bc07c6a","","Progettato nel 1844 dall'architetto Domenico Lo Faso Pietrasanta e successivamente perfezionato con eleganti ringhiere in ferro battuto, il Palchetto della Musica era il cuore mondano del Foro Italico. In questo ""salotto a cielo aperto"", l'élite palermitana si riuniva per ascoltare i concerti bandistici che allietavano le passeggiate serali di fronte al mare. La sua struttura circolare, con colonne corinzie e una cupola finemente decorata, è uno degli esempi più raffinati di architettura neoclassica e Liberty della città. Fu fortemente voluto dal Senato palermitano e sostenuto dai Florio, che desideravano offrire alla cittadinanza un luogo di alta cultura musicale. Ancora oggi, la sua presenza elegante ci ricorda il periodo in cui Palermo era una capitale internazionale dell’arte e dell’eleganza, capace di trasformare una semplice passeggiata marina in un evento sociale e culturale.","","","","693d3cb41f3b08543deaec1a","2025-12-13T10:15:16.590000","2025-12-13T15:58:15.565000","69320bf85b55b43ec54a157a","michelangelopavia@gmail.com","false"
"L'altitudine della Kalsa","","Se percorri via Alloro, in una traversa a pochi metri da te c'è una targa che indica l'altitudine di Palermo in quel punto. Quale numero è scritto sulla targa?
","","9,906","","[""9906"",""9.906"",""9"",""90""]","[]","L'angolo è proprio dove le due vie si incontrano. La targa è affissa lì, cerca il numero dell'altitudine!","","facile","6932a2a1b7d9f92a1bc07c6a","","Il numero 9,906 ci dice che siamo a meno di dieci metri sopra il livello del mare, un dato che spiega l'intera storia della Kalsa. Anticamente, il mare penetrava molto più profondamente nell'entroterra attraverso due bracci che cingevano il nucleo originario della città (chiamata dai Fenici Ziz, ""il fiore"", e dai Greci Panormos, ""tutto porto""). La Kalsa, il cui nome deriva dall'arabo Al-Khalisa (""l'Eletta""), fu fondata nel 937 dagli Arabi come cittadella fortificata separata dal resto della città proprio per la sua vicinanza strategica al porto. Dove oggi camminiamo, un tempo si infrangevano le onde: l'attuale Via Alloro era una delle strade principali che portavano direttamente alle mura difensive sul mare. La targa che vedi è un punto di riferimento tecnico, ma per noi è un promemoria di come Palermo sia nata dall'acqua e di come la Kalsa sia stata, per secoli, la porta d'ingresso della Sicilia per chi arrivava dal Mediterraneo.","","","","693d3cb41f3b08543deaec0c","2025-12-13T10:15:16.590000","2025-12-13T15:45:17.850000","69320bf85b55b43ec54a157a","michelangelopavia@gmail.com","false"
"L'ultima bandiera","","Guardando da Via Alloro verso l'albero di Piazza Marina vedrai tre bandiere: Europa, Italia e una terza. Qual è l'ultima bandiera che vedi andando verso la piazza?","","Palermo","","[""bandiera di Palermo"",""città di Palermo"",""comune di Palermo""]","[]","Magari non lo sai, ma questo edificio è una sede del Comune di Palermo, questo forse può aiutarti a capire quale istituzione rappresenta la bandiera","","facile","6932a2a1b7d9f92a1bc07c6a","","L'edificio su cui vedete le bandiere è oggi sede degli uffici del Centro Storico del Comune. Ha una storia che attraversa i secoli: nato nel '400 come due nuclei separati, fu unificato nel XVIII secolo dalla potente famiglia Palagonia. L'ultimo erede, Francesco Paolo Gravina, fu un uomo dalla straordinaria generosità: alla sua morte nel 1854, donò il palazzo all'Opera Pia da lui fondata per assistere i poveri. Il palazzo rischiò però di sparire per sempre: gravemente danneggiato dai bombardamenti della Seconda Guerra Mondiale, nel 1968 ne era stata persino prevista la demolizione per far posto a una nuova strada (la cosiddetta ""terza via""). Solo grazie al Piano di Recupero del 1993 il palazzo è stato salvato e restaurato tra il 1999 e il 2002. Le bandiere che sventolano oggi su Via Alloro non rappresentano solo l'istituzione comunale, ma il trionfo della conservazione storica su un destino di distruzione.","","","","693d3cb41f3b08543deaec11","2025-12-13T10:15:16.590000","2025-12-13T10:15:16.590000","69320bf85b55b43ec54a157a","michelangelopavia@gmail.com","false"
"Lo scultore della Santa","","In una via che unisce Piazza Borsa e via Roma c'è un'edicola dedicata a Santa Rosalia. Chi è l'artista indicato sulla scultura?","","Filippo Leto","","[""Leto"",""F. Leto""]","[]","Le edicole votive sono piccoli monumenti religiosi nati dalla volontà di privati cittadini per ringraziare un santo (un ""ex-voto"") o per invocare protezione su una strada o una famiglia. Nel passato, avevano anche una funzione pratica fondamentale: prima dell'avvento dell'illuminazione elettrica, le lampade a olio sempre accese davanti ai santi erano l'unica fonte di luce nei vicoli bui della Kalsa, rendendo le strade più sicure. A Palermo se ne contano centinaia, dedicate soprattutto alla Santuzza (Rosalia), alle Anime del Purgatorio o alla Madonna. Esse rappresentano un confine sottile tra sacro e profano: sono piccoli ""altari di strada"" curati ancora oggi dagli abitanti del quartiere con fiori freschi e decorazioni, testimoniando un legame indissolubile tra la fede e la vita quotidiana dei vicoli.
Filippo Leto è un artista contemporaneo che ha donato la sua scultura a seguito del furto di quella precedente nella stessa edicola
","","media","6932a2a1b7d9f92a1bc07c6a","","Le edicole votive sono piccoli monumenti religiosi nati dalla volontà di privati cittadini per ringraziare un santo (un ""ex-voto"") o per invocare protezione su una strada o una famiglia. Nel passato, avevano anche una funzione pratica fondamentale: prima dell'avvento dell'illuminazione elettrica, le lampade a olio sempre accese davanti ai santi erano l'unica fonte di luce nei vicoli bui della Kalsa, rendendo le strade più sicure. A Palermo se ne contano centinaia, dedicate soprattutto alla Santuzza (Rosalia), alle Anime del Purgatorio o alla Madonna. Esse rappresentano un confine sottile tra sacro e profano: sono piccoli ""altari di strada"" curati ancora oggi dagli abitanti del quartiere con fiori freschi e decorazioni, testimoniando un legame indissolubile tra la fede e la vita quotidiana dei vicoli.","","","","693d3cb41f3b08543deaec1f","2025-12-13T10:15:16.590000","2025-12-13T15:33:29.965000","69320bf85b55b43ec54a157a","michelangelopavia@gmail.com","false"
"La saggezza sopra la porta","","In Piazza Magione, sopra una porta del convento della Sapienza, c'è una scritta latina. Scrivi senza spazi la 3ª, 5ª e 8ª lettera della prima parola.","","pie","","[""p-i-e"",""PIE""]","[]","La prima parola è SAPIENTIA. Estrai le lettere nelle posizioni indicate.","","media","6932a2a1b7d9f92a1bc07c6a","","Piazza Magione non è nata come una piazza, ma è il risultato di una ferita urbana mai rimarginata. Fino alla Seconda Guerra Mondiale, quest'area era un fitto reticolo di case e vicoli medievali. Dopo i bombardamenti, per decenni si cercò di realizzare la ""Via del Porto"", un'autostrada urbana che avrebbe dovuto sventrare il quartiere per collegare la Cala all'Oreto. I lavori si fermarono negli anni '60 proprio davanti al Convento della Sapienza, lasciando per anni un deserto di macerie e asfalto. Solo nel 2000, in occasione della Conferenza ONU contro la criminalità, l'area è stata trasformata: scavando sotto le macerie sono riaffiorati gli antichi ciottoli dell'800 e i tracciati delle vecchie strade. Invece di ricostruire, si è scelto di lasciare i prati dove un tempo c'erano i palazzi, creando un ""giardino della memoria"". Il Convento della Sapienza, che oggi sembra isolato al centro della piazza, è l'ultimo testimone rimasto in piedi di quel tessuto antico scomparso.","","Santa Maria della Sapienza","","693d3cb41f3b08543deaec17","2025-12-13T10:15:16.590000","2025-12-13T10:15:16.590000","69320bf85b55b43ec54a157a","michelangelopavia@gmail.com","false"
"I gradini dell'Elleno","","In un vicolo, forse nato ad Atene in uno dei suoi estremi c'è da fare dei gradini. Quanti sono?","","tre","","[""3"",""III""]","[]","Da Via del Quatto Aprile cerca Vicolo Greco. È una stradina piccola, conta i gradini che trovi!","","media","6932a2a1b7d9f92a1bc07c6a","","Secondo il dizionario toponomastico di Palermo di Mario Di Liberto, questo vicolo prende il nome dal Marchese Giuseppe Greco, che nel 1760 acquistò il palazzo adiacente. La storia di questo luogo è sorprendente: nel 1838 il palazzo ospitò l'Albion Hôtel, dove soggiornarono personalità illustri come lo statista inglese William Gladstone e il ""re poeta"" Luigi I di Baviera. Successivamente divenne l'Albergo Italia prima di essere venduto al Banco di Sicilia. I tre gradini che i partecipanti devono contare non sono solo un ostacolo fisico, ma segnano l'accesso a un vicolo che un tempo era il passaggio per re e ministri europei che venivano a Palermo per ammirare la bellezza della Kalsa.","","","","693d3cb41f3b08543deaec08","2025-12-13T10:15:16.590000","2025-12-13T16:33:14.147000","69320bf85b55b43ec54a157a","michelangelopavia@gmail.com","false"
"I salvatori nel marmo","","In Via Alloro c'è un monumento che è una storia di salvezza. Trovalo e scrivi i primi nomi (Nome e Cognome) incisi nel marmo in alto.","","Gaspare Bivona e Filippo Patti","","[""Bivona e Patti"",""Gaspare e Filippo""]","[]","Cerca il monumento accanto all'omonimo vicolo e leggi le incisioni superiori.","","media","6932a2a1b7d9f92a1bc07c6a","","Questo monumento ricorda un episodio incredibile avvenuto nell'aprile del 1860, durante la rivolta della Gancia contro i Borboni. Due patrioti, Gaspare Bivona e Filippo Patti, per sfuggire alla cattura dei soldati borbonici che avevano represso l'insurrezione nel sangue, riuscirono a nascondersi per ben cinque giorni in un cunicolo sotterraneo, proprio sotto il pavimento della chiesa della Gancia.  Mentre i soldati davano loro la caccia, le donne del quartiere misero in atto un piano geniale per salvarli: iniziarono a litigare e urlare proprio sopra il punto in cui erano nascosti, per coprire il rumore che i due facevano scavando un foro verso l'esterno. Attraverso quel piccolo buco (la ""buca"" che si vede ancora oggi), i residenti riuscirono a passare loro acqua e cibo. Alla fine, simulando il passaggio di un carro di letame per coprire l'odore e i movimenti, i due furono estratti e portati in salvo. Oggi la targa in marmo e la piccola apertura nel muro testimoniano come l'ingegno popolare e la voglia di libertà siano stati più forti di un intero esercito.","","","","693d3cb41f3b08543deaec19","2025-12-13T10:15:16.590000","2025-12-13T15:57:16.396000","69320bf85b55b43ec54a157a","michelangelopavia@gmail.com","false"
"Lo stemma del Regno","","Sopra il portale d'ingresso della Chiesa della Magione, cosa dice la scritta posta sopra lo stemma?","","del Regno delle due Sicilie","","[""Regno delle due Sicilie""]","[]","Guarda in alto sopra l'arco d'ingresso principale della piazza.","","media","6932a2a1b7d9f92a1bc07c6a","","Fondata nel 1191 da Matteo d'Aiello, cancelliere del regno normanno, la Magione è l'ultima delle grandi chiese costruite durante l'età dei Re a Palermo. Il suo stile è inconfondibile: linee severe, pietre nude e le caratteristiche absidi con archi intrecciati che ricordano l'influenza della maestranze arabe. La sua storia è legata indissolubilmente ai Cavalieri Teutonici, un ordine monastico-militare tedesco che ne fece la propria ""casa"" (da qui il nome Magione) per oltre tre secoli, rendendola un centro di potere e assistenza per i pellegrini.  Nonostante i pesanti restauri seguiti ai bombardamenti del 1943, la chiesa ha conservato intatto il suo fascino spirituale. Un dettaglio imperdibile è il suo chiostro, un'oasi di pace con colonnine binate e capitelli decorati dove ancora oggi si respira l'atmosfera del medioevo. Lo stemma del Regno delle Due Sicilie che i partecipanti trovano sul portale è una traccia del passaggio della chiesa sotto il patronato dei Borboni nel XVIII secolo, a testimonianza di come questo luogo sia stato un punto fermo per ogni dinastia che ha governato la Sicilia.","","Chiesa della Magione","","693d3cb41f3b08543deaec1c","2025-12-13T10:15:16.590000","2025-12-13T10:15:16.590000","69320bf85b55b43ec54a157a","michelangelopavia@gmail.com","false"
"Il marmo della Gancia","","Nel Cortile della Gancia, accanto alla targa della via, c'è un marmo commemorativo. A chi è dedicato?","","Francesco Riso","","[""Riso"",""Francesco Riso patriota""]","[]","Cerca il marmo affisso accanto alla targa stradale del cortile.","","facile","6932a2a1b7d9f92a1bc07c6a","","Francesco Riso era un umile artigiano (un mastro stuccatore) che, animato da ideali di libertà, divenne il leader della cosiddetta Rivolta della Gancia. Il 4 aprile 1860, poco prima dell'arrivo di Garibaldi, Riso guidò un gruppo di patrioti in un'insurrezione armata contro le truppe borboniche proprio all'interno del convento della Gancia. La rivolta fu purtroppo scoperta e repressa nel sangue: Francesco Riso rimase gravemente ferito durante gli scontri e morì pochi giorni dopo in ospedale. Il suo sacrificio, però, non fu vano: la sua azione accese la miccia della resistenza in tutta la città, preparando il terreno per la liberazione di Palermo. La targa che i partecipanti devono trovare nel cortile è un omaggio al coraggio di un uomo del popolo che scelse di sfidare un impero per il sogno di un'Italia unita.","","Chiesa della Gancia","","693d3cb41f3b08543deaec1e","2025-12-13T10:15:16.590000","2025-12-13T15:35:21.579000","69320bf85b55b43ec54a157a","michelangelopavia@gmail.com","false"
"La preghiera sui muri","","Nel Vicolo del Caccamo c'è un murale/collage con sopra una scritta in inglese. Cosa dice questa questa scritta?","","This is way we pray","","[""This is the way we pray""]","[]","Cerca il vicolo che collega Piazza Magione a Via Alloro. Il murale collage è lì sopra un pannello di legno vicino alla parete, leggi la scritta dall'inizio!","","facile","6932a2a1b7d9f92a1bc07c6a","","Il murale ""This is way we pray"" si staglia su una delle cornici più malinconiche e affascinanti di Palermo: il perimetro di Palazzo Bonagia. Un tempo considerato uno dei capolavori più splendidi del barocco siciliano, il palazzo fu quasi interamente distrutto dai bombardamenti del 1943. Uno degli elementi di maggior pregio dell'edificio è lo scalone monumentale marmoreo di Andrea Gigante. Sebbene l'interno sia inaccessibile, le sue mura esterne raccontano la ferita ancora aperta della guerra nel cuore della Kalsa. L'opera di street art in Vicolo del Caccamo agisce come un atto di devozione moderna, un ""modo di pregare"" che invita a guardare oltre il degrado per riconoscere la bellezza che resiste nel tempo.","","","","693d3cb41f3b08543deaec0f","2025-12-13T10:15:16.590000","2025-12-13T10:15:16.590000","69320bf85b55b43ec54a157a","michelangelopavia@gmail.com","false"
"Il Segreto del Foro","","C'è una fontana il cui nome fa immaginare un ippocampo, andando in loco però vedrai altre creature. Una di queste spruzza acqua. Di che tipo di animale si tratta?
","","pesce","","[""delfini"",""mostri marini""]","[]","Guarda alla base della statua del Cavallo Marino.","","difficile","6932a2a1b7d9f92a1bc07c6a","","Questa fontana, realizzata nel XVIII secolo dallo scultore Ignazio Marabitti, non è sempre stata qui: originariamente si trovava nel giardino di Palazzo Ajutamicristo, in via Garibaldi. Fu trasferita a Piazza Marina nel 1864 per abbellire il centro della piazza, proprio accanto al rigoglioso Giardino Garibaldi. La scultura rappresenta un maestoso cavallo marino che emerge dalle onde, cavalcato da un tritone e circondato da delfini e conchiglie.  A Palermo, il cavallo marino è un simbolo legato alla forza indomabile del mare, ma questa fontana è famosa anche per un aneddoto curioso: si dice che durante i bombardamenti della Seconda Guerra Mondiale sia rimasta quasi miracolosamente intatta mentre tutto intorno crollava. Oggi è il punto di ritrovo preferito dai palermitani e dai visitatori che frequentano il mercato dell'antiquariato della domenica, fungendo da cerniera tra la sontuosa architettura dei palazzi di Piazza Marina e la natura esotica del grande Ficus magnolioides poco distante.","","","","693d3cb41f3b08543deaec22","2025-12-13T10:15:16.590000","2025-12-14T12:46:53.051000","69320bf85b55b43ec54a157a","michelangelopavia@gmail.com","false"
"Il citofono anonimo","","A Palazzo Butera, l'ingresso del museo ha un elegante portale in legno con un citofono particolare: non ci sono nomi ma i pulsanti per citofonare non mancano. Quanti pulsanti conta questo citofono?","","sei","","[""6"",""VI""]","[]","In Via Butera cerca il palazzo museo. Il portale d'ingresso ha il citofono, conta i pulsanti!","","facile","6932a2a1b7d9f92a1bc07c6a","","Palazzo Butera è una delle dimore storiche più vaste e spettacolari di Palermo, con una facciata di ben 111 metri che domina le Mura delle Cattive e il mare. Originariamente residenza dei principi Branciforte di Butera, il palazzo ha vissuto un declino lunghissimo fino al 2016, quando è stato acquistato dai collezionisti Francesca e Massimo Valsecchi. I due hanno intrapreso un restauro colossale e interamente privato, trasformando il palazzo in un museo che ospita la loro prestigiosa collezione d’arte (con opere di Gilbert & George e Annibale Carracci). Un dettaglio magico è il corridoio che attraversa tutto il palazzo, creando un cannocchiale ottico tra i due ingressi. Il citofono a sei pulsanti dell'indovinello è la porta d'accesso a un mondo dove l'antico fasto dei baroni siciliani convive con l'arte contemporanea internazionale, offrendo una delle terrazze più belle del Mediterraneo.","","Fondazione Palazzo Butera","https://www.palazzobutera.it","693d3cb41f3b08543deaec0a","2025-12-13T10:15:16.590000","2025-12-13T15:41:51.822000","69320bf85b55b43ec54a157a","michelangelopavia@gmail.com","false"
"Il quarto colore di Booq","","Conosci booq? spero di sì così saprai dove andare, se non la conosci è il caso di cercare. Accanto alla sua porta c'è un cartello molto colorato. Qual è il quarto colore della sequenza di quadrati alla base, partendo da sinistra?","","verde","","[""green""]","[]","Rosso, Arancio, Giallo... qual è il quarto?","","media","6932a2a1b7d9f92a1bc07c6a","","booq (scritto rigorosamente in minuscolo) è una ""bibliofficina"" di quartiere nata nel 2017 dal recupero di una ex ludoteca comunale abbandonata in via Santa Teresa, proprio accanto a Piazza Kalsa. Il nome gioca con il termine inglese book e con l'idea di un'officina: qui i libri non sono solo da leggere, ma ""attrezzi"" per costruire comunità. È uno spazio dove la cultura si mescola alla pratica: ospita una ciclofficina popolare per riparare biciclette, una stoviglioteca (per prendere in prestito piatti e posate riutilizzabili per le feste, riducendo la plastica) e una ludoteca.  Gestita da un'associazione di volontari, booq è diventata un punto di riferimento per il quartiere Kalsa, offrendo supporto scolastico ai bambini e spazi di aggregazione gratuiti. La sua filosofia si basa sulla ""condivisione del sapere e degli oggetti"": un modello di economia circolare dove nulla si spreca e tutto si trasforma in risorsa collettiva. Il cartello colorato all'ingresso, che i partecipanti devono osservare, simboleggia proprio questa vivacità e la pluralità di progetti che convivono sotto lo stesso tetto.","","Booq Bibliofficina","","693d3cb41f3b08543deaec15","2025-12-13T10:15:16.590000","2025-12-13T10:15:16.590000","69320bf85b55b43ec54a157a","michelangelopavia@gmail.com","false"
"Le targhe dei guardiani","","Al Museo del Presente dedicato a Falcone e Borsellino, sul cancello che guarda verso Piazza Magione, due targhe vigilano sui pilastri. Quali sono i due enti che rappresentano?","","Città Metropolitana di Palermo e Fondazione Falcone","","[""Fondazione Falcone e Città Metropolitana di Palermo"",""Città Metropolitana e Fondazione Falcone"",""Fondazione Falcone Città Metropolitana di Palermo"",""Città Metropolitana Fondazione Falcone""]","[]","Cerca il museo in Piazza Magione. Il cancello posteriore ha due pilastri con targhe, una ha un'aquila e stemmi, l'altra un albero e su ogni targa c'è scritto il nome dell'ente.","","facile","6932a2a1b7d9f92a1bc07c6a","","Inaugurato nel 2024 all'interno del restaurato Palazzo Jung, questo spazio rappresenta una svolta nel concetto di ""memoria"". Non è un museo statico di reperti, ma un hub narrativo che utilizza realtà virtuale, mostre fotografiche (come quelle celebri di Letizia Battaglia) e installazioni multimediali per rendere il messaggio di Giovanni Falcone e Paolo Borsellino ""presente"" e vivo. La scelta della sede è fortemente simbolica: Palazzo Jung si affaccia su Piazza Magione, il cuore della Kalsa, proprio il quartiere dove i due magistrati nacquero e trascorsero l'infanzia giocando tra questi vicoli. Il museo è gestito dalla Fondazione Falcone e mira a trasformare un luogo storico in un presidio di legalità, arte contemporanea e rigenerazione urbana per i giovani di Palermo.","","Fondazione Falcone","https://www.fondazionefalcone.org","693d3cb41f3b08543deaec06","2025-12-13T10:15:16.590000","2025-12-13T10:15:16.590000","69320bf85b55b43ec54a157a","michelangelopavia@gmail.com","false"
"L'infinito sul muro","","Nel quartiere ci sono grandi murales. Uno magari ricorda una poesia che tutti studiano. Guarda questi personaggi e scegli quello che guardandolo negli occhi mostra un simbolo legato a questa poesia. Qual è questo simbolo?","","infinito","","[""L'infinito"",""simbolo infinito"",""sx infinito""]","[]","Guarda bene il volto del personaggio nel murale geometrico e colorato vicino lo spasimo.","","difficile","6932a2a1b7d9f92a1bc07c6a","","Palermo sta vivendo una vera e propria rivoluzione visiva: la street art non è più solo un abbellimento, ma un manifesto di resistenza e riscatto sociale. Se quartieri come lo Sperone o Ballarò usano i murales come grido di speranza e integrazione (si pensi a San Benedetto il Moro o a Biagio Conte), la Kalsa ospita opere che intrecciano la storia millenaria con le sfide del presente.  Camminando per queste strade, si incontrano ""Sante Urbane"" come Bakhita (di Rosk e Loste), i cui occhi brillanti parlano di accoglienza, o il Federico II di Camilla Falsini, che con il suo cavallo a dondolo ricorda lo ""Stupor Mundi"" e la sua capacità di unire popoli diversi, oltre a ispirarci per questa tappa.","","","","693d3cb41f3b08543deaec1d","2025-12-13T10:15:16.590000","2025-12-13T15:34:02.526000","69320bf85b55b43ec54a157a","michelangelopavia@gmail.com","false"
"Fontane copiose","","Nella Fontana del Garraffo, la scultura in cima tiene tra le braccia un oggetto mitico. Di cosa si tratta?","","cornucopia","","[""cornucopia""]","[]","Quasi tutte le divinità dell'abbondanza vengono rappresentate con questo oggetto","","difficile","6932a2a1b7d9f92a1bc07c6a","","La Fontana del Garraffo è un capolavoro del barocco siciliano, scolpita nel 1698 da Gioacchino Vitagliano su progetto dell'architetto Paolo Amato. Il suo nome deriva dall'arabo gharraf, che significa ""abbondante d'acqua"", a testimonianza della ricchezza idrica di questa zona della città. Originariamente non si trovava qui, ma nel cuore del mercato della Vucciria, proprio di fronte alla statua del Genio del Garraffo; fu spostata a Piazza Marina solo nel 1862.  L'opera è un trionfo di simbolismo: in cima svetta la Dea dell'Abbondanza, che sormonta un'aquila (simbolo di Palermo) nell'atto di sconfiggere un'idra, rappresentazione del male o delle difficoltà superate dalla città. L'acqua scorre attraverso un complesso sistema di conchiglie sostenute da delfini e tursiopi, creando un gioco sonoro e visivo che un tempo animava le grida dei mercanti e che oggi decora uno degli angoli più eleganti di Piazza Marina. È un monumento che incarna perfettamente la capacità di Palermo di spostare e preservare i propri tesori attraverso i secoli.","","","","693d3cb41f3b08543deaec23","2025-12-13T10:15:16.590000","2025-12-13T10:15:16.590000","69320bf85b55b43ec54a157a","michelangelopavia@gmail.com","false"
"Il teatro di quartiere","","Sai che in via Vetriera c'è un teatro? Una realtà che da oltre vent'anni illumina il quartiere con le sue attività. Sopra la porta della sua sede c'è un simbolo inscritto in una forma geometrica. Qual è questa forma?","","cerchio","","[""tondo"",""circonferenza"",""circolare""]","[]","Cerca il Teatro Atlante al numero 23. Guarda sopra l'insegna: quale forma contiene il logo?","","facile","6932a2a1b7d9f92a1bc07c6a","","Fondato nel 2006 da Emilio Ajovalasit e Preziosa Salatino, il Teatro Atlante è molto più di una semplice sala spettacoli: è un centro di sperimentazione che usa il teatro come strumento di connessione sociale e trasformazione. Situato nel cuore della Kalsa, si definisce un ""castello magico"" dove l'arte incontra l'impegno civile. La loro programmazione spazia dal teatro per bambini al teatro civile e alla poesia performativa, con una particolare attenzione ai laboratori aperti a tutte le età, concepiti non per formare attori professionisti, ma per offrire ai cittadini uno spazio di ascolto, crescita personale e partecipazione collettiva. Il logo circolare riflette perfettamente questa visione di inclusività e ciclicità dell'esperienza artistica.","","Teatro Atlante","https://www.teatroatlante.com/","693d3cb41f3b08543deaec07","2025-12-13T10:15:16.590000","2025-12-13T10:15:16.590000","69320bf85b55b43ec54a157a","michelangelopavia@gmail.com","false"
"I quadratini di Scarpa","","A Palazzo Steri, l'architetto Carlo Scarpa disegnò il grande cancello d'ingresso, quello del portale che guarda verso l'albero munumentale di piazza Marina, con un motivo geometrico di metallo e legno. Quanti piccoli quadrati contornati da legno compongono questa cancellata?","","160","","[""centosessanta"",""160 quadrati""]","[]","Palazzo Steri è il Rettorato dell'Università. Guarda il portale d'ingresso e conta con attenzione solo i quadrati vuoti contornati da legno","","media","6932a2a1b7d9f92a1bc07c6a","","Palazzo Steri (da Hosterium, palazzo fortificato) fu costruito nel 1307 dalla potentissima famiglia Chiaramonte, che governava un ""Regno nel Regno"" così vasto da rivaleggiare con i sovrani. La loro ascesa finì tragicamente proprio qui: nel 1392, l'ultimo discendente Andrea fu decapitato davanti al portone e i beni confiscati dalla corona. Secoli dopo, il palazzo divenne la sede del Tribunale della Santa Inquisizione (1600-1782). Le sue carceri conservano il ""grido silenzioso"" dei prigionieri: graffiti, preghiere e disegni realizzati con il carboncino e i propri fluidi corporei, scoperti quasi per caso nel 1906 dall'etnologo Giuseppe Pitrè. Oggi il palazzo, sede del Rettorato universitario, ospita anche il celebre quadro ""La Vucciria"" di Renato Guttuso. Il dettaglio del cancello, con i suoi 160 quadratini, è una firma del genio veneziano Carlo Scarpa, che negli anni '70 curò il restauro con un intervento magistrale che fonde cemento, legno e acciaio con la pietra medievale, rendendo lo Steri un modello mondiale di restauro architettonico contemporaneo.","","Università degli Studi di Palermo","https://www.unipa.it","693d3cb41f3b08543deaec09","2025-12-13T10:15:16.590000","2025-12-13T10:15:16.590000","69320bf85b55b43ec54a157a","michelangelopavia@gmail.com","false"
"Statue che guardano il mare","","Non lontano dal mare c'è una statua dedicata ad uno degli imprenditori più celebri della Sicilia. Alle sue spalle su una piccola colonna un simbolo lo unisce al mare. Chi è il personaggio e che simbolo è rappresentato? Inserisci: nome cognome simbolo senza punteggiatura","","Vincezo Florio Ancora","","[]","[]","Aggira la statua di uno dei membri della famiglia Florio e osserva i bassorilievi sulla colonna.","","media","6932a2a1b7d9f92a1bc07c6a","","La scultura che guarda il mare in direzione del porto è dedicata a Vincenzo Florio, il membro più celebre di una dinastia che partendo dal nulla creò un impero commerciale fatto di navi, tonnare (come quella di Favignana), vino Marsala e persino la celebre corsa automobilistica ""Targa Florio"".  Vincenzo non fu solo un imprenditore, ma un uomo che visse la Palermo dei ""Leoni di Sicilia"", rendendola una città cosmopolita capace di attirare teste coronate da tutta Europa. Alle spalle della scultura si trova una colonna con alcuni simboli incisi: l'ancora, che i partecipanti devono individuare, rappresenta l'origine della fortuna della famiglia e il loro legame indissolubile con il mare e la flotta mercantile. Guardare questa scultura oggi significa rendere omaggio a quell'epoca d'oro in cui Palermo, grazie alla visione di un uomo, divenne il cuore pulsante dei traffici e dell'eleganza nel Mediterraneo.","","","","693d3cb41f3b08543deaec20","2025-12-13T10:15:16.590000","2025-12-13T16:19:22.565000","69320bf85b55b43ec54a157a","michelangelopavia@gmail.com","false"
"La galleria in parentesi","","All'ingresso del palazzo in cui la morte trionfa, una targa indica il nome storico dell'edificio. Sotto il nome, tra parentesi, cosa c'è scritto che ospita oggi?","","oggi galleria regionale","","[""galleria regionale"",""Oggi Galleria Regionale (oggi galleria regionale)""]","[]","La targa è all'ingresso del palazzo. Leggi il testo tra parentesi.","","media","6932a2a1b7d9f92a1bc07c6a","","Costruito alla fine del XV secolo come dimora di Francesco Abatellis, maestro portulano del Regno, il palazzo è il capolavoro dell’architetto Matteo Carnilivari. La sua architettura fonde la severità del castello medievale con l’eleganza del gusto catalano. Dopo essere stato un monastero per secoli e aver subito gravi danni nei bombardamenti del 1943, il palazzo è rinato nel 1954 come Galleria Regionale della Sicilia. Il restauro fu affidato a Carlo Scarpa, che creò un allestimento rivoluzionario: usò supporti metallici, pannelli colorati e una gestione magistrale della luce per esaltare i capolavori custoditi. Tra questi spiccano l’enigmatico ""Trionfo della Morte"" (un affresco monumentale di autore ignoto) e l’""Annunciata"" di Antonello da Messina, considerata una delle icone più potenti della storia dell'arte mondiale per lo sguardo magnetico e il gesto sospeso della mano della Vergine.","","Galleria Regionale della Sicilia","http://www.palazzoabatellis.it","693d3cb41f3b08543deaec18","2025-12-13T10:15:16.590000","2025-12-13T10:15:16.590000","69320bf85b55b43ec54a157a","michelangelopavia@gmail.com","false"
"Il Busto Mancante","","Nel Giardino Garibaldi, dedicato all'unificatore d'Italia, manca un busto tra quelli dei patrioti. Di chi si tratta?","","Rosolino Pilo","","[""Pilo""]","[]","Cerca tra i viali del giardino e leggi i nomi sui basamenti dei busti.","","facile","6932a2a1b7d9f92a1bc07c6a","","Rosolino Pilo è stato uno dei più grandi patrioti siciliani, un vero ""rivoluzionario di professione"". Nato a Palermo da una famiglia nobile (i conti di Capaci), dedicò tutta la sua vita alla causa dell'Unità d'Italia, partecipando ai moti del 1848 e organizzando la resistenza clandestina contro i Borboni. La sua storia è indissolubilmente legata alla Spedizione dei Mille: fu proprio lui, insieme a Giovanni Corrao, a sbarcare segretamente in Sicilia poco prima di Garibaldi per preparare il terreno e accendere la rivolta nelle campagne. Morì eroicamente in battaglia a San Martino delle Scale il 21 maggio 1860, colpito da una palla di cannone pochi giorni prima che Garibaldi entrasse trionfalmente a Palermo. Nel Giardino Garibaldi, la sua assenza (il ""busto mancante"") è un paradosso storico: mentre i suoi compagni d'armi sono celebrati nel marmo, Pilo resta una figura che sembra ancora correre tra i vicoli della sua città, incarnando lo spirito indomito della Kalsa.","","","","693d3cb41f3b08543deaec12","2025-12-13T10:15:16.590000","2025-12-13T10:15:16.590000","69320bf85b55b43ec54a157a","michelangelopavia@gmail.com","false"
"Il deposito del teatro","","Cosa avvenne nell'anno 1906 al Real Teatro di Santa Cecilia? Solo guardando le sue pareti lo puoi scoprire.
Quando lo scopri riporta con esattezza la frase che hai scoperto.
","","utilizzazione a deposito","","[""deposito"",""uso a deposito""]","[]","Cerca la tabella con le date a sinistra della facciata del teatro.","","media","6932a2a1b7d9f92a1bc07c6a","","Inaugurato nel 1693 per volere dell'Unione dei Musici, il Real Teatro Santa Cecilia è rimasto per quasi due secoli il palcoscenico principale di Palermo, prima della costruzione del Teatro Massimo e del Politeama. La sua storia è fatta di grandi fasti, ma anche di lunghi periodi di oblio: con l'apertura dei nuovi grandi teatri cittadini alla fine dell'Ottocento, il Santa Cecilia cadde in declino, venendo trasformato addirittura in un deposito di ferramenta e poi in una rimessa per carrozze.  Sulla facciata si possono ancora leggere le date che segnano la sua evoluzione architettonica. Dopo un lunghissimo restauro che ha salvato la sua struttura barocca e l'acustica perfetta, oggi il teatro è la casa della Fondazione The Brass Group, uno dei centri d'eccellenza per la musica Jazz in Europa. Passare davanti a questo edificio significa osservare la resilienza della cultura palermitana, capace di trasformare un vecchio magazzino in un tempio internazionale della musica.","","Real Teatro Santa Cecilia","","693d3cb41f3b08543deaec1b","2025-12-13T10:15:16.590000","2025-12-13T16:02:21.379000","69320bf85b55b43ec54a157a","michelangelopavia@gmail.com","false"